{
  "config": {
    "data_path": "data/nusax_sentiment_id",
    "batch_size": 64,
    "max_tokens": 20000,
    "sequence_length": 128,
    "embedding_dim": 128,
    "lstm_layers": [
      64
    ],
    "bidirectional": true,
    "dropout_rate": 0.3,
    "num_classes": 3,
    "epochs": 30,
    "learning_rate": 0.001
  },
  "keras_results": {
    "accuracy": 0.7425,
    "f1_macro": 0.7256237367612579,
    "f1_weighted": 0.7418288651736868,
    "predictions": [
      2,
      1,
      0,
      2,
      1,
      0,
      0,
      0,
      0,
      0,
      1,
      2,
      1,
      1,
      0,
      0,
      0,
      0,
      0,
      2,
      0,
      0,
      2,
      0,
      1,
      2,
      2,
      0,
      2,
      2,
      0,
      1,
      2,
      0,
      0,
      0,
      0,
      0,
      2,
      2,
      2,
      0,
      0,
      0,
      1,
      1,
      0,
      1,
      0,
      2,
      0,
      2,
      0,
      2,
      1,
      0,
      0,
      0,
      1,
      2,
      0,
      2,
      0,
      1,
      0,
      1,
      0,
      0,
      0,
      0,
      0,
      0,
      1,
      1,
      2,
      0,
      2,
      2,
      0,
      2,
      0,
      0,
      1,
      2,
      0,
      2,
      0,
      2,
      0,
      0,
      0,
      0,
      1,
      1,
      2,
      0,
      0,
      0,
      1,
      0,
      0,
      2,
      1,
      2,
      0,
      1,
      0,
      2,
      1,
      0,
      1,
      0,
      2,
      2,
      2,
      1,
      2,
      2,
      2,
      2,
      0,
      0,
      2,
      1,
      0,
      1,
      2,
      0,
      0,
      1,
      1,
      0,
      1,
      0,
      2,
      0,
      2,
      0,
      2,
      0,
      2,
      0,
      0,
      0,
      2,
      0,
      2,
      2,
      0,
      0,
      1,
      2,
      1,
      0,
      1,
      1,
      0,
      1,
      0,
      2,
      2,
      0,
      2,
      0,
      2,
      2,
      0,
      1,
      1,
      1,
      2,
      2,
      2,
      1,
      2,
      0,
      0,
      1,
      1,
      2,
      0,
      2,
      0,
      0,
      0,
      0,
      0,
      0,
      2,
      2,
      0,
      2,
      0,
      0,
      0,
      2,
      2,
      0,
      0,
      0,
      0,
      0,
      1,
      2,
      2,
      1,
      0,
      0,
      2,
      0,
      2,
      1,
      2,
      0,
      2,
      0,
      0,
      0,
      2,
      1,
      0,
      1,
      0,
      2,
      2,
      1,
      0,
      2,
      1,
      2,
      0,
      0,
      0,
      0,
      2,
      0,
      0,
      0,
      2,
      1,
      0,
      2,
      0,
      1,
      0,
      0,
      0,
      1,
      0,
      2,
      1,
      2,
      0,
      2,
      2,
      1,
      0,
      0,
      2,
      2,
      0,
      2,
      2,
      0,
      0,
      1,
      2,
      1,
      2,
      0,
      1,
      0,
      2,
      2,
      0,
      0,
      2,
      0,
      2,
      0,
      0,
      2,
      2,
      2,
      0,
      2,
      0,
      2,
      1,
      0,
      2,
      0,
      0,
      0,
      2,
      2,
      0,
      2,
      0,
      0,
      1,
      2,
      0,
      0,
      2,
      0,
      1,
      0,
      0,
      0,
      1,
      0,
      1,
      1,
      0,
      0,
      0,
      1,
      1,
      0,
      0,
      2,
      0,
      2,
      1,
      2,
      1,
      0,
      2,
      0,
      2,
      2,
      1,
      2,
      0,
      1,
      0,
      0,
      0,
      2,
      2,
      0,
      0,
      0,
      0,
      0,
      2,
      0,
      0,
      0,
      2,
      0,
      0,
      0,
      1,
      1,
      0,
      2,
      0,
      2,
      1,
      1,
      2,
      0,
      0,
      0,
      2,
      2,
      2,
      0,
      0,
      0,
      2,
      2,
      0,
      2,
      2,
      2,
      2,
      0,
      0,
      0,
      0,
      0,
      1,
      0,
      1,
      0,
      2,
      0,
      0,
      0,
      2,
      0,
      0,
      2,
      0,
      2,
      1,
      0
    ],
    "true_labels": [
      2,
      1,
      0,
      2,
      1,
      0,
      1,
      0,
      2,
      2,
      1,
      0,
      0,
      1,
      0,
      0,
      1,
      0,
      1,
      2,
      1,
      0,
      2,
      1,
      1,
      2,
      2,
      0,
      2,
      2,
      1,
      1,
      0,
      2,
      0,
      0,
      0,
      0,
      2,
      2,
      2,
      0,
      0,
      0,
      1,
      1,
      1,
      1,
      1,
      2,
      0,
      2,
      0,
      2,
      1,
      0,
      2,
      1,
      0,
      2,
      1,
      2,
      1,
      1,
      0,
      1,
      2,
      0,
      0,
      0,
      1,
      0,
      1,
      1,
      2,
      0,
      2,
      2,
      2,
      2,
      0,
      0,
      1,
      2,
      2,
      2,
      0,
      2,
      0,
      0,
      0,
      2,
      1,
      1,
      2,
      0,
      1,
      2,
      0,
      1,
      0,
      2,
      1,
      2,
      0,
      1,
      0,
      2,
      2,
      2,
      1,
      2,
      2,
      2,
      0,
      1,
      2,
      2,
      2,
      2,
      2,
      0,
      2,
      1,
      0,
      0,
      2,
      0,
      0,
      1,
      1,
      1,
      1,
      0,
      2,
      0,
      2,
      2,
      2,
      2,
      2,
      0,
      1,
      0,
      2,
      2,
      1,
      2,
      0,
      1,
      1,
      2,
      1,
      2,
      1,
      1,
      0,
      1,
      2,
      2,
      2,
      0,
      2,
      0,
      2,
      2,
      2,
      1,
      0,
      1,
      2,
      0,
      2,
      0,
      2,
      1,
      0,
      2,
      1,
      2,
      0,
      2,
      1,
      0,
      0,
      0,
      1,
      0,
      1,
      2,
      1,
      2,
      0,
      0,
      1,
      2,
      2,
      0,
      0,
      0,
      2,
      0,
      1,
      2,
      2,
      1,
      2,
      0,
      0,
      0,
      2,
      0,
      2,
      0,
      2,
      1,
      0,
      0,
      2,
      1,
      0,
      1,
      0,
      2,
      2,
      0,
      1,
      2,
      1,
      2,
      0,
      1,
      1,
      0,
      1,
      0,
      0,
      0,
      2,
      1,
      0,
      2,
      0,
      0,
      2,
      1,
      0,
      1,
      0,
      2,
      1,
      2,
      0,
      2,
      2,
      1,
      1,
      1,
      2,
      2,
      0,
      2,
      2,
      0,
      1,
      0,
      2,
      2,
      2,
      0,
      0,
      0,
      2,
      2,
      2,
      0,
      2,
      0,
      2,
      2,
      2,
      2,
      2,
      2,
      0,
      2,
      0,
      2,
      1,
      0,
      2,
      0,
      0,
      1,
      2,
      1,
      0,
      0,
      0,
      0,
      1,
      2,
      1,
      0,
      2,
      2,
      1,
      0,
      0,
      0,
      1,
      0,
      1,
      0,
      0,
      0,
      0,
      1,
      0,
      0,
      0,
      2,
      0,
      2,
      0,
      2,
      0,
      1,
      2,
      0,
      2,
      2,
      2,
      1,
      1,
      2,
      0,
      0,
      0,
      0,
      2,
      0,
      0,
      0,
      0,
      0,
      2,
      0,
      0,
      0,
      2,
      1,
      0,
      2,
      1,
      1,
      0,
      2,
      0,
      2,
      0,
      1,
      2,
      2,
      0,
      0,
      2,
      2,
      2,
      1,
      0,
      2,
      2,
      2,
      0,
      2,
      2,
      2,
      2,
      0,
      1,
      0,
      0,
      1,
      2,
      1,
      1,
      0,
      2,
      0,
      0,
      0,
      2,
      2,
      0,
      2,
      0,
      2,
      0,
      0
    ]
  },
  "custom_results": {
    "accuracy": 0.505,
    "f1_macro": 0.39065348261564764,
    "f1_weighted": 0.434159699835978,